{
	"DataFolderName" : "Parkitect",
	"FontPlugin" : 
	{
		"TMPFontAsset" : 
		{
			"SelectedFontAssetMapList" : 
			[
				{
					"AssetName" : "museosans_500 SDF",
					"AssetsName" : "sharedassets0.assets",
					"ContainerPath" : "",
					"Font Family" : "나눔바른고딕",
					"UseContainerPath" : false
				}
			]
		}
	},
	"GameName" : "Parkitect",
	"GamePath" : "C:\\Program Files (x86)\\Steam\\steamapps\\common\\Parkitect\\Parkitect_Data\\",
	"MakerName" : "Texel Raptor",
	"OnlineResources" : [],
	"OnlineUpdate" : 
	{
		"Selected" : "None"
	},
	"TextPlugin" : 
	{
		"Done" : []
	}
}
